Author_Handle,tweet_count
Kasterizador,217
_istlady_,197
RobertoMerken,155
Informa3Chile,147
EncuestasChil10,131
biobio,119
DRESTRUM__Pl,108
maggieveranista,83
CNNChile,71
hernan_sr,65
joseantoniokast,59
agarra_pala,58
TERE_LAprofe73,56
solo_gemma,50
DatosAme24,48
latercera,48
cristian_arayal,46
adnradiochile,41
hugoguionista,37
SebastianRochaZ,37
derechista_,34
T13,33
delosquesobran,31
sergiou01329861,30
WenaChile,30
TarquinoPaspala,30
El_Ciudadano,29
ChilePortadas,28
BotCheckerCL,28
MateconMote,28
Enrique53904974,27
candrews_cl,26
MatiasBellolio,26
aprachile,25
andres20ad,24
Roja53C,24
CataVelascoK,24
Sinfiltros_tv,24
Aedd38,23
Info_War_Chile,23
partidodelorden,23
mmlagoscc,22
Romanita_Honey,22
thecliniccl,22
SilvanaNHR,21
ProfeMuyChilena,21
grok,21
AlejandroVNorte,20
cherrAL62,20
Javiera08494622,20
baradit,20
24HorasTVN,20
Caplevi1540,19
espartiata369,19
carlos81956718,19
Jou_Kaiser,18
GusandesGus,18
MaxLobosCL,17
JuanKBarth1,17
exantecl,15
luisingermanico,15
gerardopblaya,15
JackedIn,15
Nachoetherno,15
Lettus_Maglio,14
Cooperativa,14
Soy_Tu_Aji,14
XFarmer1977,14
medixi,14
MarcoMira20,14
MatiAromi,13
rodolfo_garciac,13
GAMBA_CL,13
CarlaTornasol,12
estamosconboric,12
Incorru47125032,12
FridaSiKahlo,12
eldesconcierto,12
rhon2008,12
Gideon_Jeura,12
meganoticiascl,12
zurditabella261,12
RONUSAN,12
elmostrador,12
ipoduje,12
evelynmatthei,11
Pillerin_,11
manuelsoteldo4,11
Chileno17039890,11
crovanos,11
PotusAmarillo,11
AgriculturaFM,11
dipuBobadilla,11
stanleybostero,11
EquipoKast,11
paubajoperfil,11
BarchiesiDip,10
daniel_nunez_a,10
dmorales4m,10
Tor25899035,10
p4purrip0p,10
Cachoescalona1,10
marcoporchile,10
matias_tl,10
sebastian_gray,10
astorgapa,10
chvnoticias,9
kawally,9
pparcos1,9
Izq_Cristiana,9
R4Zi3L_K4in,9
matiasgarciard,9
Molotov1947,9
AmericaElige,9
Hanzinho,9
santiuribedel10,9
pnl_lascondes,9
Foxiinet,9
katitaporfia,9
danimanouchehri,9
Ein_Steamboy,9
cleporati,8
Francis25830521,8
CarlosL53s,8
lobofacho,8
simonni17,8
CarlosNHcl,8
DonDisperso,8
MARCELOFAVAOK,8
AlephEdu,8
yanez_arancibia,8
Cadem_cl,8
WCreativo,8
gene_llerena,8
PiensaPrensa,8
AXELKAISER,8
JMilei,8
ArrepentidosLLA,8
neva_carrillo,8
Carloszzasa,8
Educaciongrat,8
007Artemisa,8
mattsalic,8
RevisionistaCL,8
JackSpartanXX,8
invermel,8
KrAn_Libertario,8
psc_cristiano,7
lmrendon,7
PauDiFontana8,7
RepublicanoCh,7
jaran_13,7
petrogustavo,7
Politakeryx,7
elmamertoeste,7
agustinromerole,7
patriota_1972,7
WaldoEBE,7
santisiri,7
KekaBasualdo,7
TraductorTeAma,7
maicajamarca_,7
JouKaiserPrensa,7
Clabbem,7
ACambiarlos,7
CarlosMaslaton,7
JunyzConstant,7
GonureL,7
rectaprovincia,7
Elchemmsito2_0,7
JMdel38,7
artes_oficial,6
sanchezdiputado,6
espinozacuellar,6
uchileradio,6
elvillegaschile,6
ssuudp,6
PETRIIISTAAAAS,6
nometiente2,6
White_Hunters,6
Girealaderecha,6
Sebasnoticias15,6
maca_santelices,6
jdelrio70,6
tio_Moscha,6
a_ramos_1982,6
PuduElects,6
FernandoAmandi,6
SchubertRubio,6
pepe_auth,6
patricionavia,6
ContrapoderCH,6
Daniel399492892,6
___Pachi__,6
macaghuidobro,6
DiegoMac227,6
JoseMezaPereira,6
SantanaCamus,6
Alejand88202848,6
MSEQUEYRO,5
valientesu,5
VeronicaWelkner,5
Piniisima,5
janomatusmc,5
altashanta,5
JEQuintanaL,5
MaxKaiser75,5
LaTrujo,5
ElCautiv0,5
PilarOpazoL,5
Jos3fita_,5
Santiago_Oria,5
Dariensilvat,5
ElTioMamo,5
DFinanciero,5
Noalguve,5
sepulvedamon,5
vivirechaza2,5
huacha_roja,5
KichaChilena,5
GaelYeomans,5
AlanCespedes_Ar,5
Digital_Chilean,5
Foro_MAD,5
porkyasecas,5
PipeAllendeM,5
fachininja,5
marapoquindo3,5
Aquelarre118,5
FerradaRafa,5
Carolina_Toha,5
realsantig,5
chile_espanol,5
diputadonaranjo,5
chilelibre2001,5
aeztreal,5
Sebasti45781359,5
INSPECTORCRUSS1,5
manarellidiego,5
KathyDS84,5
MariaG91196097,5
PatricioMery,5
DanielSanin,4
KastTeniaRazon,4
miguelcgangel,4
jorgeerrazuriz,4
negromujica,4
kyngofactos,4
ErestuFaloon,4
MatiasGarate15,4
danebersoh,4
sick_durden,4
galosanchez20,4
ToroDeArena,4
milenadiaz1102,4
ELCLARINDECHILE,4
MaffiaMateo,4
elpittttt,4
STGOSeLevanta,4
AndreaPeaceCL,4
Leftinformed,4
areconstruir25,4
CalderonBassi,4
AndresGiordanoS,4
alsurdelmundo__,4
elliberocl,4
Danky73,4
DalasReview,4
CesarLevin,4
FernandoLealA,4
rholeg,4
juanpabloswett,4
matiaswalkerp,4
tavo2366,4
matiasramirezpa,4
ommm5555,4
MahuPablo,4
Missmelindres,4
antipsicologa_,4
PierreCurieD,4
R_SaavedraM,4
LucyHerSan,4
ENRIQUEBEN34952,4
InterferenciaCL,4
JoseCuelloB,4
MdLimache,4
Actiniariahexa,4
GradeGeorge,4
RebecaGaeteS,4
pdhernandezf,4
Marcelo66146051,4
PRChile,4
COTOMATAMOROS_1,4
mateoamayaq,4
mario_dico50,4
rosamariaartal,4
Patitoo_Verde,4
ruth_hurtado_,4
JuanRamonCast12,4
mauroandinoe,4
TuiteroMartin,4
Bartjunior8324,4
michel778899,3
FlorMar91839709,3
GARRONIERS,3
mirnaschindler,3
AngelDLaCruz_,3
Mart2Saco,3
Trumperizar,3
Guigavilarrr,3
traviejita_,3
1965Paranormal,3
JoffreNicole,3
Malditoooo_k,3
Martinminguchi,3
jorge_kato,3
poirotes,3
k_zuela,3
HermogenesPdA,3
Anloque1948,3
fastcheckcl,3
CristianGarciaC,3
ViejoLibertario,3
Makitabecker,3
vladomirosevic,3
ArayaManola,3
lauralbornoz,3
Ferantonia28,3
aline_patriarca,3
claudionarea,3
camboue,3
GiorgioJackson,3
winnerfibonac,3
Jfcardenasr,3
gonzalowinter,3
SalvoMontalban6,3
brigadachacon,3
LyaGonzalez1,3
triniturro,3
santiuribedel,3
reloaled,3
FUNDIDOSxMILEI,3
JairoLadino_,3
SGF76717518,3
liderfiscal,3
Resistenciaok,3
mondini1912,3
elduckpost,3
ElsaKekita,3
vidalcvale,3
juanif17,3
FaresJadue,3
Andre00244,3
Andres_lat_,3
berfontaine,3
MatiMow,3
ExpresoPeru,3
ClaudioCrespoG,3
FactosConAdrian,3
EstebanPaulon,3
LaVonHayek,3
desachile,3
Jorge_BastidasR,3
Patriick_Niico,3
PoliticaChileX,3
GaloLaraY,3
Alberto85366967,3
AvelloCarrillo,3
xixu_xxv,3
eldestapeweb,3
gastonoyarzun2,3
LibertarianWeb,3
Notiparaco,3
satoruswft,3
PamJiles,3
luis_toro_t,3
DonLibrotecario,3
intisumaj2,3
xxxxxxx03474898,3
MajulLuisOK,3
LavanchyMarta,3
miguelfriasreca,3
bacigalupe,3
Fcancinov,3
kevinestebancg,3
tere_marinovic,3
gransopi,3
cfelmerv,3
WendigoUprising,3
koelner_haie,3
Divididos_Sumo,3
AdrianaVeterin,3
CristianVialM,3
MarceTyS,3
caidodelcatre2,3
marthaperaltae,3
Tanjiro_patriot,3
_ceciliaD,3
mmullor2016,3
RodRettig,3
emischneiderv,3
Partido_NL,3
cnashr,3
camilaemiliasv,3
BartoloOpina,3
KarenKoetje,3
TommyShelby_30,3
MariaFdaCabal,3
Lhuchin,2
arturo_squella,2
abalosfelipe,2
Zepperonia,2
TefaOstios,2
LaJulietaMM,2
artemisalopezc,2
ladypenquista,2
Cristin33004449,2
IsaReynoldsC,2
silva_caro45780,2
difamadores,2
LaChileanWay,2
GolRicky11,2
AForeroM,2
LateralDerecho6,2
Flo_0708,2
lagitanilla249,2
StefanoMalaveM,2
cesargutipri,2
DMatamala,2
Francis28192809,2
0000sabee,2
KalinaAnnGG,2
jajaime1960,2
AdamSmithFree,2
Mecha_corta29,2
MVM_ing,2
micolpontiero,2
zunilda091,2
ElAhorcado_SG,2
Edgar_VotaJara,2
NEO2012SAVE,2
luiscuellop,2
santypatriota,2
el_dinamo,2
RobertoCeledonF,2
DaveNPC_,2
yasnalewin,2
smaciasr,2
rodrigovega,2
RicardoPatinoEC,2
Matiasright,2
pablolirar,2
JavierCouso6,2
Tomidiazcueto,2
Felipescu,2
DignidadFabiola,2
FLANEUR_54,2
rockdrigo27,2
DiegoASantos,2
JUANCAELBROKY,2
Antullanka,2
senadorquintana,2
aiiglesiasm,2
juanegor,2
MAndreaNieto,2
ElCheZOV,2
MashiRafael,2
ayala_rodolfo,2
rodolfoasar,2
AndresAH1984,2
GustavoRocMtz,2
j4la4b,2
FcoMunoz_TP,2
Verovelasco,2
KarolCariola,2
provincianouc,2
crsouva,2
HernanPalma_D12,2
RodriguezManuel,2
matiastoledoh,2
eduardomenoni,2
groninty,2
vagoilustrado,2
joffrecampana,2
Macuto1949,2
FlanciskaJ,2
BorisYopo,2
ceroalaizqd,2
Thetimeses,2
ANIABELLO_R,2
voceriagobierno,2
BancandoTatoski,2
Melquisedec70,2
abogadabruna,2
FontirroigPablo,2
townsendgonzalo,2
riquelme91675,2
ClauSorucopress,2
KLea79107265,2
RCachanosky,2
JMASPASC,2
Inspectorvalle2,2
IraciHassler,2
SotoFer73,2
ElianaCere,2
sessa_be,2
Vaefatum,2
camilafvillalo1,2
RenatoGarinG,2
Giovi_Symmes,2
MarkDeReborn11,2
marianoobarrio,2
PilarGinesta,2
Seba_RT,2
carreragonzalo,2
Canallalibertar,2
JoviNomas,2
PiperThread,2
Bart045603771,2
wiesenthal1632,2
Carola_Nic29,2
MarcoMorenoP,2
REPUBLICANA23,2
rthur013,2
jfmoriche,2
CMATIENZO,2
NinaGonzlezF,2
ghitis,2
hazteoir,2
jarizabaletaf,2
acastagne,2
patobancoestafo,2
EcobeePaulina,2
mautesaravia,2
DanielSamperO,2
Marianiniecheve,2
ahlexxxxx9,2
beija2013,2
PrensaPCdeChile,2
boxcarter1,2
AleWeisse,2
jpe1210,2
RoxanaDuchen,2
RobertoMTico,2
KastEmperador,2
gusta_mendez,2
toledo_karyna,2
matiasoberlin,2
AlexArayaL,2
vanessakaiser22,2
ComunidadxIraci,2
SergioPierry,2
MartnPeiretti1,2
Canal_de_JP,2
CristianValdivi,2
denguereturns,2
Soldado197,2
ChacoteroPeru,2
GordoMicha,2
AldoDuqueSantos,2
giuliana_nac,2
leninleal1973,2
codiguillos,2
Jorge_Gomez62,2
JohaYpunto,2
hayquedolarizar,2
klaudita37,2
Monicao2712,2
jschaulsohn,2
PattyChirinosVe,2
Licenciada_007,2
tomasbengolea,2
Tio_Melipasss,2
Gronow66,2
SoyMinarquista,2
YoBlumen,2
arturorp83,2
Cordobes_0k,2
FlorenciaAstori,2
MendozaGuido97,2
lore_mezza,2
AsesorMunoz,2
MaldonadoCurti,2
MadameSiimone,2
efeortega,2
Crittiko,2
MAJU766,2
grandovich,2
SDo2023,2
matmeyer85,2
jeannette_jara,2
Saramurcia,2
Cheetosdebol1ta,2
HQGatica,2
dschejtman,2
laromadelsur,2
carmenrosselot,2
HeliaMolina_M,2
ActualidadRT,2
mario_campa,2
BertainaJuanB,2
ClaudiaOrtizSV,2
ChauOperetaK,2
teacher2o23,2
lorenafriesm,2
fga195,2
macciudadano,2
Stockavenger2,2
kennysubiabre,2
mateoizquierd0,2
Janet90476632,2
diegobrowne,2
maibortpetit,2
CatalinaSuarezB,2
Santi__Rivero,2
antimisil,2
senadorLatorre,2
SantiagoCaputo_,2
BioSaura,2
BreakPointMP,2
CanalRedLat,2
josevico4,2
E_FLEISCHMAN,2
Pixies_cl,2
Gatablanca87,2
Espertma_,2
OtroParkman,2
radio_pichincha,2
TDRementeria,2
cristiancim,2
jenizaro11,2
lamonsalveg,2
pauli1973152087,2
Ivy_Cangaro,2
soylivnomas,2
Patrici98008685,2
ktikariza,2
rodrigo_prena,2
LoloMino,2
Camille_Sigl,2
ManuelC70141654,2
veroloren,2
HatsumiNonaka,2
LATRIPLEmla,2
StelarToqui,2
racvals360segu1,2
JTonyFerna48597,2
PublimetroChile,2
C5N,2
MartinDandach,2
6sergioad9,2
cesargonzaleztw,2
FisicoImpuro,2
YoVotoKast,2
SergioChouza,2
ComentoGH2022,2
loderaulo,2
_hijademinero,2
maurovrios,2
maurici0vera,2
GustavoSantiz28,2
RRueda_Ermel,2
lcruzcoke,2
EnVozAltaEC,2
MuseoTuitero,2
LaCon_Sentida,2
MazaComm,2
jotaalonso,2
QuinteroCalle,2
LupaMediaEC,2
frattigiovanni,2
ezpektro48,2
tatilucci,2
Pampa139,2
jsgumucio,2
AstarothHatred,2
LarryLu20942400,2
cmgorriaran,2
lucialopezchile,2
PITERALBEIRO,2
AlexisSanchezEC,2
jrsestaca,2
Adolfozky,2
LordMurielo,2
disidenteschile,2
catrina_nortena,2
pameli30,2
defensachilena,2
Sanfeliu,2
Santiag59108,2
BotDe20Millones,2
Carmen_E_muller,2
Tv_Libertaria,2
La_contumaz,1
omaticaya52,1
ccifuentesh,1
ComuNachoP,1
maiteazuela,1
Jojare2,1
Mauro_Yagan,1
Eduardo37752765,1
Arkantoscl,1
JuanaSanhuezaR2,1
bsemper,1
PanchoPatriota1,1
MuyEnojadoSoy,1
margusfan,1
martinfiera,1
vayanata,1
Natalia__Gar,1
Mane_Bot18,1
JJuanitamayorga,1
Pr_AlexandreGon,1
derlilopeza,1
KattKuyen,1
nicoquintanaUY1,1
LuisaGonzalezEc,1
SantarossaLM,1
mmpboat21,1
pvallin,1
riachuelodelsur,1
PuntaPeucoHoy,1
chifaentiffanys,1
OliverGonzalezV,1
CoteBelMajo,1
Martise83,1
aurorasolar_,1
AlegandroHoyos,1
Francis34797198,1
Camilo_Tavi,1
CarlaAntonelli,1
Ortega_Smith,1
AmanecerLiberta,1
Danielibertari0,1
Tito9k9,1
CesarTreffinger,1
Valenfaga_,1
sofilopiccolo,1
GiovannyEnciso,1
LautaroCarmona,1
eugetale,1
Muletjaime,1
LaMarejada_Cl,1
JoseLuisGil1000,1
milardoabrazo,1
FachoWoke,1
Bati_Yois,1
Matador000,1
HelenaMMikos,1
jairocalixto,1
MattoneFabian,1
SaraTufanoZ,1
GENuINE993,1
cositopolitico,1
LindosaPerez,1
bdelamaza,1
mirkomacari,1
MariaMigliore,1
SantilanJuli223,1
IndiraHuilca,1
CristyPalma87,1
WernerPertot,1
SARGENTOCHALA,1
Canchitacenteno,1
vormatio,1
PabloAbrazo_,1
JuanGrabois,1
memerluzo,1
LaBugsBunnyIA,1
Eneatipo7,1
TinchoSnow_,1
ximerincon,1
stewartcastro,1
Mynestrillas,1
MaresCuarentona,1
SuerodlaVerdad1,1
FCarbajal2021,1
microagencia,1
EviesSantiago,1
AHumanistaCL,1
CarlosAdams_,1
lilialemoine,1
Patriotasantiag,1
PinoKiefer,1
RicardoOrtizMJI,1
pier_karlezi,1
Matyzze,1
jpaltamirano,1
pablomackenna,1
jjsm80,1
MrsVanBuren,1
kurtBarlowBS,1
Santiago8682,1
RedKoba0705,1
laderechadiario,1
IndeaGopanda,1
aesavgm,1
mic_karate,1
yocontratodo,1
emihuppertz,1
mondomo79,1
GreveHamilton,1
marianoGottig,1
Javiergaciaisac,1
dravaleria,1
diario_libero,1
TheChipi,1
HargousVicente,1
HernanNucera,1
MackenzieKirc11,1
matecastano,1
macritas,1
AssLatam,1
patoinostroza,1
Tcristina77,1
Kariv51,1
AmiguesSocial,1
chica61432746,1
KarinArcus_ok,1
victorg91,1
Barbijaputa,1
ultimopaladin,1
gvelez86,1
1973_ramir44948,1
GabrielGEscobar,1
crisvillavera,1
riellodecba,1
danicvtez,1
tatoalgortainfo,1
gondan06,1
lam_roxany,1
santugadda,1
PregoneroL,1
JKPolloProgre,1
Mark1FuerzaG,1
matessa65,1
sebastiansichel,1
polaberta,1
CarlosCarmona85,1
profesor_silva,1
XimPatriota,1
Silvita_Sorian0,1
JorgeTarud,1
Gerdan688272,1
MaritzaZevach,1
sergiobitar,1
Santi_AnayaV4,1
BetoLuso,1
Metazoario,1
DELAESPRIELLAE,1
piticarrasco,1
ZeroRebirthCl,1
polletcilla,1
Guillermo_47,1
LilianaCastanoG,1
RaulSolisUE,1
ConradoBB,1
Funesta,1
AndresLafken,1
AleJuarezA,1
LeszliKalliL,1
javionsalo,1
charito9630,1
IgualdadPartido,1
eMeDmadafakas,1
SrLiberal,1
hellraiser9998,1
RealPolitik68,1
suriel,1
ElTarotDeRosita,1
Sonia_Traga,1
MarkJaume,1
Diego_Hartfield,1
CusoHugo,1
Vaia84,1
Darth_Sidious3,1
darango_htx,1
nacp_92,1
cacacatalao,1
_Agente_Smith,1
LuisUrquijo,1
VanessaHerrer02,1
Mortimer_Fu,1
AFitzcarraldo,1
iarsuaga,1
jdoedoe101101,1
criordor,1
Gordo_Kevlar,1
cn_castro,1
Patrirecue,1
CuentaMister,1
Ayatanland,1
GuillermoLeFort,1
estergae,1
marce0ecram,1
JimmyPsicol,1
vivca100,1
Julxco,1
Macca15Paul,1
klbun,1
surpatagon,1
subtepass,1
GuilleRusso,1
chilotegris,1
franperez_co,1
leosansok,1
sylviabucher,1
CriminalMental,1
clpstmith3,1
SantosFdz,1
nort_mamus,1
nataralesa,1
PepeToroKemp,1
marioaguilera4,1
Mataryell,1
83Patricio,1
DebateGallinero,1
_amccoll_,1
imagenesymas01,1
carolina_moine,1
LuisGuillermoVl,1
sailor_fome,1
LauraCVargas96,1
GL0SSMYLARG0,1
PameGatuna,1
Patriota_Reina,1
Clonazepamers,1
maguyar83,1
pao_hube,1
esnickydenicole,1
crackreal007,1
lautaro_sdk,1
Paz_ZarateB,1
Alvaro_Wolf_,1
PanchiDragonfly,1
Michel_Salinas,1
OfeliaHipolita,1
antoasb,1
vickypalmaerpel,1
kun_mugai,1
CascadasUn,1
JosuePereire,1
maatigt_,1
85Estebancer,1
bvndito0,1
drantonioquispe,1
soundingdlwn,1
tetigh,1
willygarrido,1
elcancillercom,1
mileibarrial,1
_SrMorales,1
gustav0cardenas,1
HMarowskiC,1
patriotacuban,1
NegroCensurado,1
SantiagoDLNWS,1
soylablu,1
oscar_puente_,1
mcucolo57,1
AntoTruth,1
zorrotapatio,1
TANACHILE,1
martaxsad,1
apazmb,1
m_astla,1
nicoperezlozano,1
Superasturianu,1
LajeAntonio,1
villago,1
grecia2016,1
rafaelverao,1
lutero_luis,1
jesilove_,1
ravilusa,1
Marian_A_12,1
previlma,1
meioindep,1
Caritocoram2,1
AkelRegina,1
m_riquelmeg,1
pierolei,1
FrancoDaneriG,1
magariovero,1
Tatiana85100241,1
GloriaIzquierda,1
okdiario,1
aetchebarne,1
paeguiguren,1
VianobaViviana,1
Cata_xlo_unico,1
maxiferraro,1
CB97kiowo,1
martin_maglio,1
milenaeldan,1
MeDicenWally,1
ucnnss,1
H3ktor14,1
DiegoSepulveda,1
ancapsu,1
MarcosdeQuinto,1
amorenoe,1
pmolinaarmas,1
Chismeteandoo,1
alejandrosajor,1
CriteriaChile,1
yuyufernan,1
Ramon4lan,1
Nunca_Zurdo,1
nacido_aC,1
jixiezone_,1
CathyJuvinao,1
Kein_Sylvan,1
HadesFFGC,1
patoenero,1
mr_conservador_,1
gigantepaso,1
Monsevlarrain,1
Caroefi80,1
DonJermiNoumor,1
Edoobrp,1
Waifu_Argentina,1
CEOofChile,1
Flo_MDX,1
juanchacins,1
JocheTonioGV,1
Roth001Luis,1
TanaBorsottob,1
willittow,1
ArteEsEtica,1
PSChile,1
lacorrientek,1
luisanayars,1
angiesalcedoSB,1
kurketo64,1
SoyMmadrigal,1
DatosElectChile,1
ccmariaco,1
YamidLopezS,1
carolhsolis,1
Monomante71,1
altoque_ok,1
AmarillaMood,1
HippiesConOsde,1
charlescaissa,1
Carolnauta,1
HOLLMANMORRIS,1
cogollolarrain,1
pubera,1
PamphletsY,1
Hugo_Gutierrez_,1
domipatriota,1
Josefcolagos,1
alexismendezc,1
TunanteRetirado,1
AxelCallis,1
ElTrumpista,1
DivanPoduje,1
Subero78,1
isidoraalcalde,1
Felipe33ingeco,1
MaturanaRM,1
rtmr2022,1
realHenryBoys,1
capibarameme,1
Lovely_Sagitta,1
ElKastista,1
Ricardo67891742,1
mirasanjuan,1
pepecriollo_,1
santyagos_Rcca,1
Carlotajones35,1
DrRepublicano,1
borisbarrera,1
nicoleperiodist,1
KellyValdebeni2,1
Maanuignacio,1
daniellperezl,1
botcaszely20,1
Goku89Xdjkjk,1
Despinozacuevas,1
v8_falcon,1
Nico2021cl,1
Apolinio_73,1
huesodesepia,1
palabo,1
Pao_Tacchini,1
XavierFiestas,1
MANUELJOSESOTO2,1
juangamonalh,1
pacoperkin,1
4everleon,1
LDavidCL_,1
Nangelicanangel,1
TomCast27757620,1
DebiaEduardo,1
vmoralesa,1
miguelurreaX,1
empaladosok,1
ciudadedeus,1
cataugarte,1
ximero51,1
ElInformante_1,1
ClaudioScaletta,1
novuelvesdelsur,1
ClauDePizan,1
Huaso_Patriota,1
pcp_chile,1
YankoNereo,1
Lubi_Mac,1
irene36051280,1
Yerko20Andres,1
flavio_qr,1
Gbastidas,1
turnoenvivo,1
dedoindicee,1
UnViejoTwiter0,1
catasanmartinlc,1
SM_Horseman,1
LegadoBachelet,1
marcelalealrod1,1
PesteRana,1
EleicaoBr2026,1
IsaC_Chile,1
CuevasUrzua,1
Villabull,1
PonzistaAnti,1
PabloIglesias,1
AngelRCuba,1
rzepedamajmud,1
Sitlalo_Mapach,1
VicenteLag123,1
cubalondra,1
LuisMesina1,1
lauraju35183777,1
JPSanhuezaT,1
MinisPropaganda,1
cesarcombina,1
anti_merluzop,1
DieRipoll,1
javiarce,1
antolinpulido1,1
S_Schwartzmann,1
carlosmpat,1
_GGonzalezH,1
Jimena_1967,1
GCastellanosL,1
hdemauleon,1
LeoChicago1902,1
CholusatSur36,1
maps_black,1
Caroexpress,1
JaimeCaroM,1
PumaChairo,1
aarontsuarez,1
wekoautentico,1
ClaraSensatez,1
llanca,1
La_Patty_Boop,1
NupesNews,1
alfreyes14,1
LolaB0rg,1
SandraComunes,1
elDespierto_26,1
porqueTTarg,1
Pilar_delSur,1
SS_Area51,1
ro_syyy,1
LiaDacosta_27,1
mamalechuza,1
Nanku85415259,1
AndresJouannet,1
sandravlv,1
Hans2412,1
pilita116,1
SebasteanoV,1
RBarraza14,1
MatronaClau,1
STM_Argentina,1
barandista,1
carmen_hertz,1
ForgetKmilo,1
drjorgerachid,1
Twittterina,1
rosales10059,1
BastaPosta,1
VeroTeigeiro,1
desbordes,1
Lautaro_Chile,1
elnuevomariscal,1
camilamhr,1
Mamertos0,1
marcoalcallo,1
agaviriau,1
ParisiPDG,1
AlbodelRon,1
QColoradac,1
BlondeBombCLP,1
IrinoKaremono,1
2paumynn,1
leoromero2024,1
iC_A_D,1
MariaMiral12,1
Niobe_sub0,1
Franciscaaboit2,1
maylwino,1
AscensoHundido,1
MonicaUret53005,1
NikiNikitaLiana,1
AnaMariaGazmuri,1
arevalo_ma92226,1
ConchiLillo,1
mariapaz_ortega,1
AntiHeroReload,1
EstadisticoBo,1
cupidorosado,1
PaisEsponja,1
pupinaplomer,1
TonoArroyoS,1
LuisLobovskyB,1
mrcllpz,1
GeranoaetusMA,1
AntnMartnLpez1,1
guido__ce,1
rizikson,1
JaimeDunn_,1
elfrente_amplio,1
jgalemparte,1
JosMigu77360272,1
aguilo_sergio,1
AntonioCR1974,1
MaisAngel,1
criacan,1
PabloLucoD,1
lechugasencilla,1
SDoriaMedina,1
Amarillos_Chile,1
PalmaEdwin,1
XimeSu3,1
JairIngeniero,1
racomo1965,1
Pattycer,1
ninaa_cl,1
A__Senna,1
blueMulholland,1
santinodezzotti,1
Marcos_Mtz84,1
liberalesdepie,1
kibudi,1
cristiancrespoj,1
Antonio27591643,1
CaritoDuqueR,1
JoseRaf07325767,1
MauroFdz,1
pintoperiodista,1
romadelrevess,1
javiernegre10,1
mgjaquep,1
La_Segunda,1
PattyCampos1812,1
mao3000000,1
Turgon1998,1
nelsonavila,1
hermanntertsch,1
supershadai,1
ElprofeKoffmann,1
McpSomos,1
DanPuro_Cringe,1
gkatopodis,1
bbluman,1
WalterValverde6,1
andrescarob,1
Jjmuante2,1
S23Alejandro,1
AAutodidacta,1
icevainillaice,1
danilofuents,1
Alejand07215192,1
MrSnflKe2000,1
BlinkQuinn,1
BienTwitero,1
naticastillo_r,1
pilarpaisajista,1
AugustoPino1973,1
Grecoh28,1
TarynCoopman,1
patyCAlvarez,1
zizoyzizoy33,1
monkeyd_mm,1
RodrigoSafdiye,1
Cami_FloresO,1
santiagoangelp,1
eltemagv,1
socioperiodismo,1
Nanisimo,1
lucasllach,1
Chucurumbitto,1
SalvaPresidente,1
SarahPerezSanta,1
JavierM89087400,1
DipCristobal,1
alexis_mera_g,1
Juanito7magic32,1
Onfirereal2012,1
cuncunoide,1
patobonato,1
notbrisaliberal,1
maticrisis,1
armesillaconde,1
davidlc17,1
cryn_ng,1
_lakaiser,1
Mariandre_2,1
Sublevados_,1
SXTrece,1
RGarciaLorca,1
academica97,1
ErizoCL,1
Soymartina39,1
fuertecito,1
MartnKohan1,1
RAlvarezDelgado,1
matiaspalma8,1
LaMartinetaOff,1
lidiamerenciano,1
ciiing3,1
ChristianDCHn,1
stevee_maren2,1
matrixortiz02,1
ignarcio,1
rubymollo,1
carolinapinoc,1
iridesarr25,1
Pklesse,1
avilanieto,1
RAMSESTX,1
paisencaos,1
ernestogarratt,1
RojoEdwards,1
DrLagarca2,1
paloespin,1
felipekast,1
Adrianaveterin2,1
lintortafritera,1
YohanaaGaleanno,1
mario4thenorth,1
martinvars,1
MachadoDarlon,1
GabrielBoric,1
JorgeERitter,1
skz_voteystream,1
epigmenioibarra,1
mo_onstar95,1
SantaFeSoporte,1
YoelDeLeon23,1
Arancibia2020,1
atlanticsurff,1
Tisco70Toledo,1
RCVHonduras,1
Santamorte00,1
MagJorgeCastro,1
matiasbaldo,1
PonchoGutz,1
ElMisterPeri,1
Sumtertius73,1
IsaacVtuber11,1
DSantaCruzok,1
Ihavetweeter,1
Icarus3012,1
aerysgot,1
LauraUlloa_CUN,1
iaresearchcl,1
agnostico161,1
casigol66,1
ZeranFaride,1
UnaEntidad,1
ImpuestosyE,1
joseto_t,1
NavarroGenta,1
Primera_Linea_,1
abrahamendieta,1
marthakmagana,1
RicardoNoboaB,1
alejasolano,1
Tono_Coloma,1
MONAQUILOMBERA,1
PatronaQuinn_,1
BrankoSCZ,1
cristinaplazasm,1
indignadoxd,1
fs110,1
Humanismo4T,1
FarroRobot,1
ctorresn,1
jlaloca001,1
zona_libertaria,1
EVELINSCHIMM,1
ArgentinaSoyNSB,1
Pokecarlengues,1
DanielS93481031,1
PCaterianoB,1
gastonmarraOK,1
Arturo_M13,1
pochoharbEC,1
jimmyjairala,1
ArtemJoyero1,1
machinaxflayon,1
samidelbulla13,1
copano,1
Josefina_28,1
RadioUmbral,1
DaunoTotoro,1
paulawalkerCL,1
ignaciodulger,1
ARetamalZ,1
_porlachucha,1
mriesco,1
ifloressenador,1
PabloFe26252470,1
gatoscomunistas,1
CETP,1
gfuentes_stgo,1
Aptimate,1
carbajal_tejada,1
duque_neira,1
JacoboG_Ecu,1
RestrepoJCamilo,1
La_SemiYA_dl_VD,1
monstruoderecha,1
Avillegas_80,1
Camiloparada,1
Clau_Ormeno,1
SamuelCepedaPR,1
g577003,1
evamerinoPR,1
AlexusChile,1
leget_,1
HerreroLiberal,1
profe_pabloluna,1
putomaloreacts,1
MnicaArosemena1,1
AlePlacenciaC,1
camposulloa,1
benjagonzaleze,1
IgnacioAchurra,1
diego_castro_a,1
pschaulsohn,1
profeclaudio_cl,1
MegafonoPopular,1
ConySchon,1
pablocorreamart,1
VMQM13,1
mgraciavaldes,1
gatobudin,1
JuanC88447328,1
mayrasmendoza,1
spitta1969,1
MauricioJaramil,1
victorazarok,1
pabloserdan,1
patynunezCh,1
GimenezCarlosA,1
mateoorp12_,1
BSampieri,1
popepa5,1
ChicShion,1
SusanaGautreau,1
agusdababy,1
datoatipico,1
mauricioriveros,1
animartino,1
ArtemEnbaja,1
hectoralexx,1
patriaeselotrok,1
ladirekta,1
Polo89681075,1
AcostashowJuan,1
omarmaluk,1
Brismall,1
hagovconurbano,1
Curvaspoliticas,1
MatiasF_24,1
Eclides3,1
argensherlock,1
tresmasciento,1
gillierismo,1
aqmoncaleanowtr,1
daigual78,1
Sherpabaron,1
NoChequeable,1
andresmego,1
GBCLopi,1
LaKretiOFF,1
LEYANTISECTAS,1
EpubliR,1
MIAREsproject,1
JulianMaciasT,1
WuilliamMontoya,1
cedatos,1
navedelmisterio,1
ElLadoCorrecto_,1
CanalRed_TV,1
DamAguirreOk,1
CarvalloCuevas,1
ClaudioLibano,1
sybelmartinez,1
PedritoExtranja,1
Chechuneon,1
GabrielCastroOK,1
PabIojavkin,1
rochicabj1905,1
filipprl,1
Marisol02093983,1
maroontv13,1
JorgeCalix,1
mircoferri,1
marceloclaure,1
Raulben,1
martin197508,1
NickyMarquez1,1
MrFlork_,1
GordoLeyes,1
elhigadodmarita,1
surubidelnorte,1
SergioBecker14,1
santiagolali,1
marcelo4ok,1
AdrianUrrutia0k,1
danielyovera,1
rinconet,1
carlosfercid,1
mcarballido10,1
gabruzo,1
SoniTuit,1
mis2centavos,1
Katauroraaa,1
osodeplatino,1
martincarrizo_,1
PMunozIturrieta,1
asdeespadas5,1
romidiezok,1
julitolopez,1
JosefinaAlvar90,1
stayinhoIIywood,1
anluma99,1
abrilcba_,1
Dalilamchaa,1
laverdadconsaul,1
FernandoAM1,1
mayorcete,1
Karblack111,1
OcielTorres3,1
Piureman,1
Libeluz,1
poiera,1
_InakiLopez_,1
cottonccs,1
sonicorver,1
CientificosPalo,1
fargosi,1
laboristadel45,1
JimmyFosterS,1
RealRodrigoPolo,1
Sophia_Vittar,1
FernieAriel,1
JimeKutcher,1
DaJaque29,1
ProyectoCABA,1
AlertaNews24,1
DonMonchin,1
ladoblevara_,1
JaimeCCS,1
CamusdeAcuario4,1
Satinfaction_,1
CristianXMS,1
MauroGuan,1
ivanmoreirab,1
Corneliodelp,1
qrlhec,1
perfilcom,1
ayeebuh,1
marianherrrera,1
mlukacs,1
AntonellaMarty,1
Maria_EstevezG,1
datosnomitos,1
LehuedeJuan,1
Gmonsalve,1
honrubiahurtado,1
usdtermo,1
Ncrc00,1
La_SER,1
Marcelo_MM2023,1
CarlosHQuero,1
SkyshockGG,1
eluniversocom,1
pazzztabase,1
KurtHackbarth,1
FeinmannFan,1
sol__despeinada,1
jessdahia,1
TalidanMilei,1
justicieroecu,1
GuillemCristo,1
Colo_Skywalker,1
martintetaz,1
B_Gortaire_M,1
congratulatixns,1
NicoOrchid,1
juanda158392211,1
ClaudiaLopez,1
FarosConF,1
cuervosinsobre,1
ClaudiFerreira_,1
hyperconectado,1
camipaisa1,1
sntrlz,1
BenavidesMunoz,1
DrPrimus_,1
clavoymartilleo,1
ende__neu,1
Jingwas_N,1
lapapela_,1
OctavioCrivaro,1
QuirogaCalama,1
PaulSfeir,1
AndreaAlvarezAA,1
HannabananaTk,1
asta0477,1
IrinaKaramanos,1
bolivar_lojan,1
SoyFeudaleM,1
javiera_ordonez,1
WalterMaciel15,1
TuiteroSismico,1
ElpremaArturopy,1
JarvisAntoni,1
La_Krupoviesa,1
ClaudiodeSanM10,1
miguelaraizac,1
Witchreinaa,1
TermoUCR,1
FuckCheckCL,1
Katerinnnn_1702,1
ClintJoselito,1
ElyJK2026,1
pedroleaplaza,1
SpoopyHoot,1
EdisonBedoya21,1
Ju4nchii_,1
MSP_Central,1
Rosario77488957,1
gabrielguerrac,1
Salvadoreon,1
ScheihingYerko,1
PopulismUpdates,1
NanoGrifo,1
fedepiri_,1
fidelsenador,1
moisesscherman,1
antofaopina2022,1
alex_hurty,1
Denise88644469,1
VillarruelDario,1
martinabarkin,1
julipalacioc,1
marenco1793096,1
JOSEMANUELSOTO1,1
Garcimonero,1
ricsanmartin,1
PitonGigaton,1
AceSalaverry,1
jakastadriasola,1
MOinternationa,1
tepa_jeldrez,1
IndarGuasones,1
CarlosExFiu,1
Metaverse2705,1
AleCiroAlvarez,1
kimontare,1
SoyFanAzul,1
bradpifia,1
Eco1_LVM,1
GoezFranco26739,1
MissPoirot07,1
meiermq,1
cavalera_natan,1
AnTo_0v3,1
Juanchunchovie1,1
peronmilei,1
erickguerrerotv,1
Jestrada05S,1
santipereira93,1
mcaiconte03,1
la_grenitas,1
ValCB30,1
AlvarezMaynez,1
El_Exorcista_,1
MargaritaRepo,1
Turfpremium,1
narbonachile,1
FranFijap,1
GuillermoRocaf1,1
LEOARCHILE,1
Luisrgrb65,1
dmimica,1
AnaMariaCarbon6,1
Vhgkasparov,1
MafeCarrascal,1
kikemireles,1
Belavent01,1
Dr_GaIIardo,1
Interpanic,1
Diego_Vitale11,1
Chaarlybenites,1
carotorreez,1
esCesarVidal,1
Jaime_puq,1
eduardoinda,1
carbonero_de_C,1
gener_usuga,1
DarkoPeric_,1
ContraGodarria,1
FRM87,1
Alpicinoguy,1
spidybears,1
PACA15858,1
CasalMauri,1
Patty57351882,1
mizrahi_matias,1
Economistflaite,1
doozenart,1
franciscoactiv2,1
andrefelgiraldo,1
ancelmo70,1
Colapinto_news,1
patitas_budgeok,1
wilsonariasc,1
Palempty,1
julibmoya,1
ManuelZamudioA,1
norabar,1
pacormolina,1
MatiLara14,1
jcpastrana,1
ulisesxfruu,1
feliperossc,1
yaelinvi,1
JoseIgnacio6z,1
paulacabezas56,1
Gil_Artzyeli,1
RedGeoChile,1
NYGBertie,1
crispmarcote,1
Macarena_Olona,1
MichelcSales,1
Furiinthejungle,1
Chris_22x,1
fenris1234,1
velardedaoiz2,1
josejavierespa,1
hispaniaenlucha,1
andytokaufman,1
j_v4lois,1
AkKomi_,1
alvarosarco,1
diegocaricatura,1
_OnlyCyn,1
matias_bostero,1
David__Mateus,1
vicho_zs,1
Ggoktaex,1
BANGT4NBEST,1
jav_hurtado,1
Santibotero2026,1
WaldoMatus,1
cmmc116,1
MSantamariaS,1
HectorAtarrabia,1
Betocoralg,1
viriato888,1
PabloCamPiq,1
Male_gou,1
jonatan_ok1,1
Oswaldoconfe,1
potiVS,1
JosueFiallo,1
Nahuelkeo,1
luna_sol1289,1
marangatuma,1
Catv20171,1
fernandoceronv,1
mcnamarareturn,1
observatorio14,1
asteinsapir,1
botcitoar,1
Pastibord,1
Cristosal,1
Orrego,1
Catalina_valpo,1
MatiasGavioes,1
AndreaMarGon_,1
MateoCanulli3,1
Rincon001A,1
laherpburn59,1
MathiasMonges10,1
PatxiFreytez,1
Javier46700320,1
miqqfernandez,1
pavilar01,1
Boricsta,1
fotohistoriacl,1
Cathe_Rabczuk,1
ValenRosales_,1
vitokoderecho,1
MartinSantosR,1
piopiochile,1
fede_debla,1
RudyPetrikowski,1
llegolahora921,1
Simon_Ramirez,1
JorgeSharp,1
santitatogh24,1
jogun_712,1
ceciliaberrioss,1
Geiger_Capital,1
lachavorruca,1
AntofaDenuncias,1
Mariasiintilde,1
Antipolitica66,1
Maradoloresrui2,1
d3m0nr4v3n,1
ivanwese,1
DrKong911,1
Klubbex,1
adikraj1,1
etupito,1
JuliGoonz,1
JFontanabona,1
MiguelMezaC,1
jarapolitica,1
Isabellarulis,1
ChialFelix,1
MarcoAn36694408,1
MAVR1963,1
marthalamartha,1
anitico,1
jeonginmoonie,1
CMonteroOficial,1
NikolascC,1
LuisCepeda,1
23Chenriquez,1
Gilraen13,1
EdwinMo85933085,1
JEESxorcismo,1
hugoUDLP,1
LaRealDesaf,1
Ghpicante4,1
st4nleydeM1ller,1
qmalacostumbre,1
MandrilandiaX,1
estebanavila,1
A_Encinas_R,1
milalucg,1
CesarePie,1
FlorenciaLagosN,1
lagalerna_,1
fideismo11,1
Polificcion,1
DianiTheWarrior,1
tamy_idrobo,1
JeanIniguezM,1
JorgeECastilloL,1
ant0gi,1
estefiescobarc,1
carlitos_silvac,1
hanwenzhang1982,1
StefanoLopezOk,1
ivonne_facha,1
cpatom58,1
IrvingGatell,1
enelojodelpoder,1
macdonal5,1
rquiroga777,1
Martinezxstgo,1
TEAMLUCIANA1,1
MiPanaPato,1
MONAQUILOMBERAA,1
testershaft,1
VLADlMlR_CERRON,1
gero_martinezzz,1
Nueva_Derecha1,1
ProvosteYasna,1
ClaudiaWitte7,1
Maria_Marcela,1
titowankalaw,1
lisajk97,1
IgnacioIriarte,1
contimartinez,1
martincappareli,1
CARVEG408,1
HAGOV_Morenista,1
pjmIesviu,1
crlosparker,1
OOCliberals,1
nachoinventado,1
miaapthsut,1
PaolaHolguin,1
chioreya,1
Freddyaries2,1
ferna1_diez,1
Progrefbico1,1
_GranMike,1
ServelChile,1
ElAbueloFelizzz,1
Anti__Chairos,1
dejanirasilveir,1
jesusquinbu,1
aitoralbizua,1
Hanky_solo,1
TatianaAstengoB,1
cviguria,1
lesliona,1
alvar_marquez,1
sandrabronzina,1
ferbelaunzaran,1
creadordelruido,1
botcitoasdf,1
elfondamental,1
MariettoPonce,1
pervnia,1
JulioCaballeroM,1
diagonalesweb,1
YerayGarcaSant1,1
santiblr_,1
Walterk17583836,1
harto1990398,1
flaka_fennix,1
lorensofie,1
Gianferreyra_,1
NicoSantillan85,1
Avanzando201,1
HispaniaeInsurr,1
Rockomodernlif3,1
Meruanista,1
MAlpelicano,1
PattoMAZEL,1
BioRepublicanos,1
Azul2Rc,1
EstebanMerchan7,1
BuccinoMariana,1
patricia_ariasc,1
nin1sta,1
Cristobal_Oli,1
HagovMoreno,1
Jhonffonseca,1
Vivianolala,1
ChumelTorres,1
FlorrMarvelita,1
PerejilZurdin,1
nachogiron,1
gastonvelandia,1
imisseobang,1
Free_Man_Ok,1
CarajoStream,1
hjurgensen,1
AiramLoveK,1
matildeantiauy,1
brbaritaa,1
FpsWinter,1
mystagogos_,1
ma_fe79,1
fcremades,1
FurioProud,1
Santi_Bas_00,1
Nacionalissta,1
kattym94,1
luiscostabonino,1
Johnenladeep,1
ElTanoOpina,1
Bajarlaalpasto,1
